ObjectNumber,Ed
1,0.1967073380947113
2,0.19690439105033875
3,0.21443216502666473
4,0.19708317518234253
5,0.24107679724693298
6,0.22512906789779663
7,0.24554049968719482
8,0.193742036819458
