index,fret_cell_Ed_averages,fret_cell_Ed_variance
1,0.27391573786735535,0.012606305070221424
2,0.27130553126335144,0.01614207588136196
3,0.19809699058532715,0.010073957033455372
4,0.33088818192481995,0.019023675471544266
5,0.20846286416053772,0.01990612782537937
6,0.21849362552165985,0.01159703265875578
7,0.1437169760465622,0.01911637745797634
8,0.2329222708940506,0.012304859235882759
9,0.2719692885875702,0.01916489005088806
