index,fret_cell_Ed_averages,fret_cell_Ed_variance
1,0.24602453410625458,0.002057135570794344
2,0.23939931392669678,0.0028852622490376234
3,0.20104794204235077,0.0009620251948945224
4,0.26350387930870056,0.002189493039622903
5,0.2104106843471527,0.0007963901152834296
6,0.21352618932724,0.001741212559863925
7,0.20275501906871796,0.0007950253202579916
8,0.21379461884498596,0.001225565210916102
9,0.23106466233730316,0.001847664127126336
