index,fret_cell_Ed_averages,fret_cell_Ed_variance
1,0.2631603479385376,0.01676328107714653
2,0.16738466918468475,0.011478072963654995
3,0.21465981006622314,0.014116506092250347
4,0.1123230829834938,0.016267942264676094
