index,fret_cell_Ed_averages,fret_cell_Ed_variance
1,0.12752531468868256,0.000525801326148212
2,0.14293985068798065,0.0017907225992530584
3,0.12557469308376312,0.0005461947876028717
4,0.1439756453037262,0.0008233895641751587
5,0.1524255871772766,0.001977089559659362
6,0.1261022835969925,0.0005516532110050321
7,0.1372276097536087,0.000780219619628042
8,0.144358828663826,0.0012813974171876907
