index,fret_cell_Ed_averages,fret_cell_Ed_variance
1,0.05992448329925537,0.002583808498457074
2,0.05915055423974991,0.001229140325449407
